student_id,department,year,subject1,subject2,subject3,subject4,subject5,attendance,assignment_score,predicted_grade,parent_phone
CSE1001,CSE,1,81.14,60.5,92.93,60.17,62.23,76.46,70.38,F,+919461755629
CSE1002,CSE,1,61.93,60.79,67.59,98.24,71.2,81.59,77.09,D,+917447123939
CSE1003,CSE,1,88.3,83.2,87.82,64.67,99.22,85.4,82.37,C,+917553341517
CSE1004,CSE,1,99.01,81.64,73.68,99.05,67.21,77.83,81.5,D,+919090056024
CSE1005,CSE,1,79.14,72.43,60.25,71.74,77.35,83.78,96.14,C,
CSE1006,CSE,1,76.75,80.51,87.05,72.77,89.67,84.68,90.63,C,+919212003875
CSE1007,CSE,1,78.59,93.83,71.82,73.54,94.41,99.45,79.4,D,+917008539394
CSE1008,CSE,1,75.47,76.79,78.84,88.08,91.2,99.38,74.98,F,
CSE1009,CSE,1,92.23,60.35,79.3,83.84,79.81,89.33,90.01,C,+919865374323
CSE1010,CSE,1,70.9,76.18,99.74,96.93,94.14,77.81,97.6,D,+918190715649
CSE1011,CSE,1,77.91,65.14,66.96,94.66,74.04,97.34,70.97,F,+917152360726
CSE1012,CSE,1,88.86,99.65,64.69,74.68,87.63,88.24,71.72,F,+918732344211
CSE1013,CSE,1,62.06,70.0,90.63,61.33,70.22,93.01,84.44,C,
CSE1014,CSE,1,82.79,81.16,93.25,66.7,66.02,87.64,79.28,D,+919900497650
CSE1015,CSE,1,70.22,85.27,69.61,70.0,65.2,77.27,80.71,D,+917303952919
CSE1016,CSE,1,93.93,64.52,74.89,85.67,93.78,85.95,95.92,B,
CSE1017,CSE,1,60.01,97.69,63.94,73.53,87.06,89.18,78.45,D,
CSE1018,CSE,1,80.23,96.65,78.89,82.11,96.66,94.69,96.37,B,+917973484032
CSE1019,CSE,1,62.74,88.3,62.96,82.14,85.32,80.42,76.65,D,
CSE1020,CSE,1,82.49,63.9,93.94,88.4,91.56,80.19,88.24,C,+917740773805
CSE1021,CSE,1,78.49,75.95,85.68,60.61,62.76,96.93,95.29,C,+918937435466
CSE1022,CSE,1,74.9,97.18,81.44,90.93,80.06,88.44,97.32,B,+919417882570
CSE1023,CSE,1,61.88,78.34,80.39,81.16,83.68,98.36,89.33,C,+918970371637
CSE1024,CSE,1,87.55,79.92,89.96,87.46,89.66,88.4,91.18,B,
CSE1025,CSE,1,92.6,90.91,98.34,79.57,63.28,97.67,91.97,B,+918591786130
CSE1026,CSE,1,76.12,89.27,80.7,92.51,82.3,78.11,99.82,D,
CSE1027,CSE,1,81.8,79.29,81.67,72.78,83.04,94.1,71.74,F,+919896607651
CSE1028,CSE,1,88.81,60.85,69.34,89.19,72.04,86.86,80.04,C,+919080655268
CSE1029,CSE,1,87.2,96.45,97.07,87.59,70.66,89.85,74.73,F,+919538125157
CSE1030,CSE,1,85.01,65.2,62.75,95.1,77.13,82.82,80.05,C,+919846329156
CSE1031,CSE,1,100.0,65.91,91.91,89.27,76.06,89.98,93.04,B,+918073299603
CSE1032,CSE,1,60.6,95.64,93.22,91.06,91.92,81.33,78.93,D,+918130121169
CSE1033,CSE,1,64.25,66.54,79.16,98.9,93.14,89.2,81.01,C,+919416365454
CSE1034,CSE,1,82.13,86.39,94.3,76.6,79.61,82.69,97.22,C,+919802193736
CSE1035,CSE,1,64.94,80.45,85.14,68.97,88.56,82.98,85.13,C,+918633278980
CSE1036,CSE,1,85.21,98.65,93.45,62.99,93.53,91.07,83.13,C,+918805148833
CSE1037,CSE,1,70.55,84.72,83.22,64.13,88.43,80.93,76.47,D,+918635710381
CSE1038,CSE,1,75.73,78.77,63.28,73.64,77.46,80.44,82.92,C,+918799107389
CSE1039,CSE,1,97.85,68.32,66.66,94.47,73.91,98.24,88.13,B,+918551688334
CSE1040,CSE,1,89.68,76.64,98.66,74.43,73.37,77.89,77.42,D,+918517360531
CSE1041,CSE,1,74.76,96.62,63.38,89.14,84.65,86.79,97.67,B,+918277949917
CSE1042,CSE,1,71.06,81.87,93.05,83.81,66.61,95.57,96.34,C,+917726571599
CSE1043,CSE,1,67.57,79.58,64.9,82.09,83.72,85.64,71.47,F,+918269599299
CSE1044,CSE,1,72.46,66.26,87.39,87.0,61.46,95.51,73.79,F,
CSE1045,CSE,1,99.17,92.56,65.84,64.68,74.5,75.41,84.46,D,+919196612450
CSE1046,CSE,1,76.83,86.26,78.86,83.62,94.67,92.78,90.91,B,+917513514307
CSE1047,CSE,1,97.02,96.27,68.16,62.9,83.21,89.48,89.1,B,+918529098747
CSE1048,CSE,1,61.64,61.98,75.11,87.89,88.17,91.19,74.2,F,+918833764869
CSE1049,CSE,1,65.27,61.98,62.5,68.23,94.89,94.71,91.7,C,+918704910268
CSE1050,CSE,1,67.32,97.78,66.89,75.84,75.34,83.0,70.49,F,+918674640234
CSE2001,CSE,2,67.29,96.87,84.95,83.14,86.67,94.25,72.52,F,+918783981851
CSE2002,CSE,2,94.14,94.13,91.34,75.39,61.61,88.33,73.91,F,+919955394610
CSE2003,CSE,2,72.04,77.54,82.85,99.19,79.92,91.93,91.76,B,+917499006887
CSE2004,CSE,2,74.52,97.53,75.38,83.64,74.09,76.8,80.71,D,+919295411938
CSE2005,CSE,2,88.83,89.32,89.44,63.69,75.69,86.52,82.35,C,+917131470163
CSE2006,CSE,2,80.91,88.0,90.88,60.82,99.5,98.57,90.71,B,+919060382953
CSE2007,CSE,2,97.02,67.43,67.57,83.93,97.16,82.6,79.54,D,+919501009614
CSE2008,CSE,2,68.42,61.59,96.08,62.11,67.27,89.43,82.39,C,+919715551714
CSE2009,CSE,2,67.86,79.77,84.69,61.62,86.49,84.94,70.9,F,+917040440048
CSE2010,CSE,2,63.24,82.62,80.69,89.81,63.46,84.04,71.58,F,
CSE2011,CSE,2,68.68,86.7,89.06,81.1,75.62,76.89,70.91,F,
CSE2012,CSE,2,63.76,74.01,88.78,94.89,87.02,83.93,72.61,F,+917490709714
CSE2013,CSE,2,90.46,79.63,80.15,85.2,89.16,89.84,77.71,D,+918354288453
CSE2014,CSE,2,87.28,64.61,66.74,91.71,90.57,79.97,86.49,D,+918055475657
CSE2015,CSE,2,82.89,79.3,82.94,75.5,67.78,92.9,76.64,D,+919828045174
CSE2016,CSE,2,68.49,99.22,62.63,63.41,76.44,81.17,94.57,C,+917394240695
CSE2017,CSE,2,86.1,98.25,96.09,85.34,91.74,88.08,97.76,B,+919600694391
CSE2018,CSE,2,66.5,96.85,73.14,96.89,97.65,88.87,98.21,B,+919193446153
CSE2019,CSE,2,68.18,71.55,90.29,76.44,89.75,95.83,76.91,D,
CSE2020,CSE,2,72.04,70.82,67.29,63.96,74.23,96.17,88.25,D,
CSE2021,CSE,2,69.83,73.86,93.12,66.45,96.18,86.99,77.21,D,+919713282644
CSE2022,CSE,2,73.99,84.04,64.31,93.19,88.11,87.54,90.77,B,+918902825500
CSE2023,CSE,2,69.77,80.72,96.82,81.85,74.92,77.42,93.09,D,+919737855628
CSE2024,CSE,2,98.34,98.99,90.53,78.71,96.65,90.42,76.53,D,+917382635551
CSE2025,CSE,2,95.7,60.98,71.6,70.84,82.45,96.79,93.76,C,
CSE2026,CSE,2,91.53,84.67,85.08,83.75,96.55,92.89,78.98,D,+919207372658
CSE2027,CSE,2,74.63,87.21,90.29,62.51,99.73,87.89,99.65,B,+919573823476
CSE2028,CSE,2,78.31,74.19,92.13,66.21,84.86,77.85,99.21,D,+918000073060
CSE2029,CSE,2,83.83,78.84,68.38,88.5,83.89,79.0,92.74,D,+917202975821
CSE2030,CSE,2,95.54,67.13,67.84,84.41,96.44,83.36,85.0,C,+917062439236
CSE2031,CSE,2,99.15,65.44,97.8,99.2,89.26,98.73,86.52,B,
CSE2032,CSE,2,78.1,95.13,99.71,94.65,93.97,77.73,93.77,D,+917659605709
CSE2033,CSE,2,63.77,86.55,90.64,86.95,97.74,99.94,90.95,B,+919524170279
CSE2034,CSE,2,97.26,91.91,89.29,86.68,82.29,89.27,83.23,C,+918258001252
CSE2035,CSE,2,88.03,85.03,72.08,95.82,77.67,86.94,87.34,B,+918595950298
CSE2036,CSE,2,74.49,69.15,96.79,60.74,89.58,91.24,76.26,D,+918033526614
CSE2037,CSE,2,90.38,99.39,87.22,93.85,96.13,95.93,88.53,B,+917193838881
CSE2038,CSE,2,79.77,97.57,78.55,85.14,97.39,96.85,76.93,D,+917282028566
CSE2039,CSE,2,61.88,88.35,98.41,61.2,66.57,97.21,89.4,C,+919386051815
CSE2040,CSE,2,67.83,63.9,90.17,97.73,95.08,76.06,93.57,D,+917509414726
CSE2041,CSE,2,91.4,80.85,95.04,87.52,99.03,92.67,89.36,B,+919495349543
CSE2042,CSE,2,98.49,78.46,61.63,68.25,75.43,89.71,73.05,F,+917972539394
CSE2043,CSE,2,74.27,72.53,68.38,79.47,84.24,97.17,73.94,F,+919623736907
CSE2044,CSE,2,73.99,95.21,97.87,78.55,64.8,76.49,96.55,D,
CSE2045,CSE,2,79.09,68.15,97.83,73.62,92.9,81.67,93.88,C,+917821359338
CSE2046,CSE,2,89.15,94.94,77.12,79.16,62.61,84.93,94.14,C,+917346805109
CSE2047,CSE,2,74.51,86.93,78.73,98.22,64.76,84.35,71.41,F,
CSE2048,CSE,2,65.27,72.33,96.34,88.17,73.94,81.49,81.45,C,
CSE2049,CSE,2,83.17,63.32,62.11,98.1,68.9,98.33,82.16,C,+919620952717
CSE2050,CSE,2,68.8,80.56,67.04,97.48,86.85,81.22,97.77,C,+918774531124
CSE3001,CSE,3,60.84,67.12,95.36,62.01,84.39,75.72,77.31,D,+919057180789
CSE3002,CSE,3,65.87,84.04,98.06,97.78,98.18,79.99,80.86,D,+919282479395
CSE3003,CSE,3,79.3,76.55,93.74,89.63,86.85,94.67,90.66,B,+918371792846
CSE3004,CSE,3,64.83,66.98,68.83,89.27,78.48,81.6,82.04,C,+919405906912
CSE3005,CSE,3,62.12,91.71,64.65,60.56,72.31,87.01,78.01,D,+918618326861
CSE3006,CSE,3,79.37,84.5,80.87,87.59,94.18,80.87,82.16,C,+918486110446
CSE3007,CSE,3,87.24,87.48,99.1,86.62,86.34,88.19,79.44,D,+917799072219
CSE3008,CSE,3,76.52,67.13,69.01,72.62,66.36,98.93,83.35,C,+917754174524
CSE3009,CSE,3,68.98,95.56,71.53,78.81,87.57,90.91,89.7,B,+919340876122
CSE3010,CSE,3,86.96,95.12,63.62,92.94,73.65,79.58,87.78,D,+918968176347
CSE3011,CSE,3,63.64,91.87,78.41,65.48,65.05,75.39,95.21,D,+918180721934
CSE3012,CSE,3,63.21,84.03,71.88,69.1,77.25,92.72,79.17,D,+918699024547
CSE3013,CSE,3,92.72,76.68,96.88,82.62,79.99,83.06,87.75,C,+918143454125
CSE3014,CSE,3,69.67,88.39,80.12,68.18,78.52,92.4,96.68,C,+917949560497
CSE3015,CSE,3,80.15,62.07,93.88,87.82,85.79,75.77,76.15,D,+917902330000
CSE3016,CSE,3,71.9,65.74,90.42,62.36,77.94,88.1,70.03,F,+918882496802
CSE3017,CSE,3,80.41,89.11,70.75,66.26,85.81,88.29,82.56,C,+919141460128
CSE3018,CSE,3,83.63,92.76,92.61,80.44,98.65,92.4,74.76,F,+919318999475
CSE3019,CSE,3,64.26,95.9,79.86,85.65,70.28,94.8,88.04,C,+919369375218
CSE3020,CSE,3,70.77,80.5,71.91,70.31,82.82,84.19,94.4,C,+917672919072
CSE3021,CSE,3,92.04,99.53,66.23,79.3,75.48,82.9,76.45,D,+919029643229
CSE3022,CSE,3,90.73,98.17,89.92,83.65,90.83,87.63,93.81,B,+918997308461
CSE3023,CSE,3,76.06,75.16,93.89,78.96,73.22,76.56,96.56,D,+919897040804
CSE3024,CSE,3,66.07,71.17,76.26,84.83,77.26,80.89,90.0,C,+918794751374
CSE3025,CSE,3,65.32,87.88,94.94,75.38,99.83,93.12,86.15,B,+917081314649
CSE3026,CSE,3,80.48,93.33,80.76,84.5,97.84,94.66,85.16,B,
CSE3027,CSE,3,69.1,67.04,90.86,89.84,79.72,81.74,74.7,F,+917976613473
CSE3028,CSE,3,87.25,75.05,66.39,65.76,71.05,91.33,97.61,C,+919986067348
CSE3029,CSE,3,93.09,87.06,96.87,85.34,87.07,90.76,82.34,C,+917353689251
CSE3030,CSE,3,75.73,98.56,69.44,92.9,72.77,85.38,90.81,B,+918303850503
CSE3031,CSE,3,71.64,92.3,69.28,84.41,64.46,98.96,81.37,C,+919697947831
CSE3032,CSE,3,62.81,74.08,64.76,90.66,96.98,88.44,74.06,F,
CSE3033,CSE,3,61.24,98.87,84.43,92.44,61.41,96.88,94.99,C,+919245468984
CSE3034,CSE,3,60.45,83.01,73.58,91.83,66.98,81.15,97.33,C,+917078319421
CSE3035,CSE,3,69.79,76.03,75.62,72.21,90.81,82.82,99.69,C,+919080249340
CSE3036,CSE,3,97.18,88.72,64.2,65.47,87.59,85.06,79.84,D,+918718914443
CSE3037,CSE,3,88.9,74.3,78.33,72.51,99.33,97.54,91.89,B,+918147348194
CSE3038,CSE,3,92.36,76.91,66.53,67.1,72.13,95.91,82.99,C,+918959674834
CSE3039,CSE,3,76.29,81.78,66.44,62.11,62.75,77.95,97.68,D,+918191151647
CSE3040,CSE,3,60.96,90.42,88.58,92.76,70.88,88.17,77.36,D,+918341857587
CSE3041,CSE,3,66.97,75.47,87.35,74.82,76.57,79.9,88.28,D,+917454086380
CSE3042,CSE,3,98.81,78.71,92.33,78.3,93.08,87.02,77.09,D,+917849019864
CSE3043,CSE,3,77.6,81.49,84.49,61.93,62.2,92.68,80.39,C,+917170646417
CSE3044,CSE,3,69.01,82.7,72.46,65.95,82.14,88.92,91.35,C,+917694687108
CSE3045,CSE,3,67.33,97.54,76.5,66.96,69.48,96.14,79.93,D,+919305876287
CSE3046,CSE,3,71.58,69.11,72.03,67.72,83.34,77.51,81.93,D,+918254825288
CSE3047,CSE,3,70.81,79.37,78.46,89.0,92.73,82.99,77.54,D,+918500153881
CSE3048,CSE,3,61.43,76.78,82.29,64.33,64.04,98.38,89.55,D,
CSE3049,CSE,3,73.29,83.05,96.89,95.68,94.93,93.4,97.83,B,+918119491658
CSE3050,CSE,3,98.91,79.91,74.55,67.71,72.24,79.07,81.84,D,+918111862510
CSE4001,CSE,4,61.17,96.86,84.6,67.5,96.17,82.02,96.59,C,+919815944492
CSE4002,CSE,4,93.63,84.29,74.22,87.57,80.72,76.1,95.77,D,+918644919868
CSE4003,CSE,4,95.38,93.96,72.52,62.57,74.2,78.97,90.26,D,+918302982508
CSE4004,CSE,4,83.94,66.83,79.44,61.38,60.49,84.0,88.98,C,+919962518972
CSE4005,CSE,4,94.11,79.54,61.42,80.37,99.7,81.34,87.27,C,+919973823228
CSE4006,CSE,4,78.99,93.96,97.02,66.33,63.72,80.73,70.58,F,+918142751999
CSE4007,CSE,4,81.31,83.1,88.4,76.94,72.2,86.77,75.23,D,+919827171451
CSE4008,CSE,4,67.6,98.75,61.4,91.48,83.59,89.4,79.99,D,+919273239207
CSE4009,CSE,4,97.78,82.33,88.58,88.11,74.75,94.0,86.61,B,+917052196507
CSE4010,CSE,4,65.31,61.36,80.11,78.24,64.6,87.66,78.56,D,+917217294303
CSE4011,CSE,4,83.02,85.68,97.99,73.1,81.95,88.42,85.46,B,+919692051725
CSE4012,CSE,4,97.3,71.11,68.39,62.62,88.33,79.28,74.26,F,+918279946365
CSE4013,CSE,4,64.95,60.95,90.44,66.14,79.01,78.67,90.0,D,+919918274846
CSE4014,CSE,4,62.88,61.06,92.08,70.35,86.88,93.28,80.29,C,+917152570717
CSE4015,CSE,4,88.88,68.59,79.76,87.86,96.88,86.26,76.74,D,+917801414610
CSE4016,CSE,4,69.93,72.77,72.4,79.0,95.67,96.2,98.92,C,+917867159439
CSE4017,CSE,4,90.3,98.75,79.61,82.29,98.89,85.39,73.77,F,+917289565495
CSE4018,CSE,4,95.34,95.05,82.33,61.16,99.56,79.8,90.42,D,+918049014560
CSE4019,CSE,4,74.04,67.4,70.73,64.41,99.35,76.71,96.11,D,+917895290872
CSE4020,CSE,4,75.75,63.84,67.35,96.86,95.31,92.63,87.74,C,+917918287607
CSE4021,CSE,4,94.46,72.58,85.99,65.52,75.31,98.96,82.91,C,+918019363261
CSE4022,CSE,4,81.82,61.55,63.1,72.4,83.84,97.61,91.5,C,+919015789729
CSE4023,CSE,4,62.98,87.18,90.38,99.21,76.39,98.45,77.86,D,+917114577383
CSE4024,CSE,4,68.44,70.63,72.68,96.86,97.71,77.11,92.61,D,+918669165135
CSE4025,CSE,4,63.26,61.05,67.19,74.48,97.09,86.92,81.46,C,
CSE4026,CSE,4,63.21,79.21,96.88,99.45,66.27,89.17,75.79,D,+917651784600
CSE4027,CSE,4,96.56,91.97,87.77,95.43,98.11,98.59,78.48,D,+917813490882
CSE4028,CSE,4,77.9,97.47,73.89,81.4,80.37,94.28,71.53,F,+918837027374
CSE4029,CSE,4,83.79,72.36,63.74,75.04,82.36,97.78,87.26,C,+918256139085
CSE4030,CSE,4,61.67,76.01,71.76,97.79,94.11,92.48,80.42,C,
CSE4031,CSE,4,90.93,60.36,83.56,93.3,68.33,86.01,98.59,C,+918415042402
CSE4032,CSE,4,83.26,79.23,92.94,73.18,65.53,90.02,96.9,C,+919817163989
CSE4033,CSE,4,76.42,81.13,91.43,68.01,92.78,92.07,99.02,B,+917188317702
CSE4034,CSE,4,78.33,97.42,73.41,93.58,94.45,98.07,76.71,D,+919788671275
CSE4035,CSE,4,80.14,70.19,69.98,64.27,66.12,82.71,72.46,F,+917781980708
CSE4036,CSE,4,89.86,94.09,72.5,82.56,84.84,80.29,95.46,C,+918036429393
CSE4037,CSE,4,66.2,90.5,99.7,75.4,98.59,96.96,92.21,B,+917183968001
CSE4038,CSE,4,92.53,79.03,72.34,97.03,96.34,99.51,76.1,D,+917447476475
CSE4039,CSE,4,92.94,76.87,73.58,62.39,82.36,81.64,72.61,F,+919589803128
CSE4040,CSE,4,81.06,71.0,78.03,71.91,88.0,87.66,90.75,C,
CSE4041,CSE,4,94.52,98.65,96.91,72.93,91.59,80.23,80.77,C,+919300278453
CSE4042,CSE,4,64.95,68.5,99.55,67.33,61.45,81.03,85.45,C,+917711788361
CSE4043,CSE,4,69.32,69.58,63.78,71.94,72.32,94.21,98.4,D,+918183276753
CSE4044,CSE,4,73.14,85.52,61.05,75.48,90.92,76.74,73.71,F,+917645588046
CSE4045,CSE,4,92.25,85.25,90.08,67.01,66.74,89.92,78.04,D,+917972879635
CSE4046,CSE,4,88.41,61.27,73.37,68.59,76.37,95.94,91.91,C,+919322160524
CSE4047,CSE,4,71.8,99.74,75.39,77.2,81.55,81.05,91.23,C,+917668532559
CSE4048,CSE,4,76.61,69.2,85.31,95.51,91.65,99.85,86.87,B,+917728369634
CSE4049,CSE,4,65.02,99.54,93.65,62.04,84.6,75.26,79.0,D,+918531587710
CSE4050,CSE,4,69.8,86.18,89.67,67.91,89.78,92.21,94.65,B,+917679969835
ECE1001,ECE,1,83.68,91.79,95.59,81.04,76.54,83.82,88.92,C,+918558948405
ECE1002,ECE,1,92.74,69.05,63.79,72.67,64.8,94.72,98.01,C,+918826455711
ECE1003,ECE,1,65.64,85.4,61.3,98.07,95.97,83.67,74.97,F,+919353399900
ECE1004,ECE,1,95.15,82.04,60.47,92.52,82.49,84.15,96.7,C,+917988242321
ECE1005,ECE,1,63.64,62.47,65.79,71.03,84.19,80.81,94.18,D,+918110265490
ECE1006,ECE,1,74.37,77.49,65.84,88.34,75.55,94.04,74.52,F,+919045730360
ECE1007,ECE,1,61.64,62.86,68.57,68.1,69.29,75.21,85.21,D,+919044945364
ECE1008,ECE,1,80.21,86.62,73.99,93.43,92.01,88.97,78.7,D,+918350404903
ECE1009,ECE,1,87.66,99.19,60.69,96.66,91.82,82.44,87.44,C,+919271046504
ECE1010,ECE,1,89.65,69.34,81.77,90.47,87.26,95.82,75.18,D,+917819969935
ECE1011,ECE,1,87.84,74.1,90.93,95.22,69.55,92.09,75.54,D,+918646238052
ECE1012,ECE,1,80.32,87.88,93.31,60.48,99.17,82.81,98.72,C,
ECE1013,ECE,1,61.74,63.02,94.76,98.46,80.47,94.69,95.82,C,+918716137354
ECE1014,ECE,1,96.49,75.43,78.13,87.83,61.34,99.57,99.42,C,+917151058495
ECE1015,ECE,1,67.43,68.73,95.91,81.81,64.15,95.1,88.11,C,+919233122810
ECE1016,ECE,1,75.48,73.83,88.87,92.75,79.45,82.79,95.81,C,+919824590737
ECE1017,ECE,1,83.88,91.04,85.56,95.63,76.69,76.74,92.98,D,+917579323312
ECE1018,ECE,1,83.96,80.29,97.33,70.35,89.63,98.94,89.95,B,+917606132974
ECE1019,ECE,1,98.81,75.88,78.4,96.38,94.54,78.46,96.07,D,+917832059382
ECE1020,ECE,1,69.09,71.31,72.45,84.46,85.33,99.93,74.84,F,+919114372609
ECE1021,ECE,1,72.75,82.41,70.37,99.29,85.39,79.47,79.99,D,+919516241842
ECE1022,ECE,1,83.27,60.98,62.46,92.56,66.03,78.16,81.64,D,+917476995712
ECE1023,ECE,1,64.42,66.26,61.67,80.57,66.49,84.81,92.21,D,+919483013977
ECE1024,ECE,1,60.26,75.05,68.04,67.93,96.87,95.16,98.09,C,+919112242552
ECE1025,ECE,1,96.28,66.37,89.99,75.37,90.26,92.03,75.32,D,+917641197139
ECE1026,ECE,1,98.39,69.35,99.85,78.73,79.95,86.5,70.79,F,+917058162236
ECE1027,ECE,1,92.21,66.73,97.63,84.37,98.19,81.85,94.7,C,+918104328008
ECE1028,ECE,1,91.52,93.34,95.32,99.96,83.75,99.97,94.45,A,+918553422894
ECE1029,ECE,1,84.59,68.78,74.88,67.91,83.12,80.55,74.27,F,+918563243195
ECE1030,ECE,1,65.75,65.68,93.49,77.49,71.51,98.84,79.65,D,+918437214538
ECE1031,ECE,1,78.33,77.92,85.82,63.93,90.08,98.66,81.47,C,
ECE1032,ECE,1,99.23,70.26,93.58,86.51,97.31,75.49,78.56,D,+917353190164
ECE1033,ECE,1,66.37,72.37,93.67,84.92,64.78,75.44,84.21,D,+918747753039
ECE1034,ECE,1,70.73,73.89,67.19,68.2,85.72,89.52,78.3,D,+917733331117
ECE1035,ECE,1,91.48,74.7,88.54,98.83,73.01,78.04,76.78,D,+918956793943
ECE1036,ECE,1,85.88,82.67,80.98,86.23,87.04,85.37,93.82,B,+917570698953
ECE1037,ECE,1,94.4,94.62,97.36,97.39,82.32,98.17,89.5,B,+919915742465
ECE1038,ECE,1,71.78,80.68,73.91,91.73,84.45,85.25,80.02,C,+917524352240
ECE1039,ECE,1,66.69,84.02,77.05,71.65,80.77,82.28,92.8,C,+917995278708
ECE1040,ECE,1,65.39,84.34,90.73,82.18,96.37,91.74,97.65,B,
ECE1041,ECE,1,82.23,76.72,70.15,92.47,87.76,79.04,85.08,D,+917240695680
ECE1042,ECE,1,68.71,63.37,90.2,83.24,82.79,84.71,75.61,D,+919025776774
ECE1043,ECE,1,88.78,85.37,84.41,97.77,78.03,89.44,87.94,B,+918624191381
ECE1044,ECE,1,84.68,99.19,79.25,86.84,80.43,83.89,85.22,C,+919853397777
ECE1045,ECE,1,71.38,75.97,67.47,72.68,64.05,81.64,71.25,F,+919371038045
ECE1046,ECE,1,65.64,91.61,64.42,80.08,86.23,99.88,83.52,C,+917036662929
ECE1047,ECE,1,98.64,84.22,95.41,92.22,77.61,79.1,80.37,D,+919446923016
ECE1048,ECE,1,94.86,76.32,83.87,95.47,97.16,92.04,75.58,D,
ECE1049,ECE,1,61.79,95.24,90.26,62.03,66.15,80.45,98.84,C,+918814639941
ECE1050,ECE,1,91.7,84.66,99.85,63.23,69.9,80.82,84.24,C,+917872095502
ECE2001,ECE,2,61.67,94.85,93.05,66.53,79.37,75.51,93.28,D,+918915695363
ECE2002,ECE,2,70.89,65.18,89.76,83.82,95.88,87.07,79.29,D,+919784493477
ECE2003,ECE,2,75.38,86.24,62.0,63.88,88.3,90.88,81.5,C,+918114322596
ECE2004,ECE,2,75.73,94.76,72.88,95.15,64.32,93.89,94.91,B,+919364543033
ECE2005,ECE,2,88.4,96.61,68.83,88.66,70.41,90.38,78.69,D,+917609714399
ECE2006,ECE,2,98.83,96.85,81.2,84.06,80.78,90.16,97.91,B,+918918350354
ECE2007,ECE,2,82.78,74.68,78.79,99.81,70.86,93.86,73.25,F,+917011893139
ECE2008,ECE,2,84.19,82.03,67.01,87.81,65.58,79.36,75.8,D,+918034484104
ECE2009,ECE,2,87.45,71.12,60.54,87.72,64.86,89.99,99.2,C,+919901292782
ECE2010,ECE,2,77.38,77.86,68.85,80.73,64.53,82.55,95.35,C,+917123354866
ECE2011,ECE,2,77.5,64.12,85.82,61.82,61.57,88.36,89.46,C,+918612814583
ECE2012,ECE,2,70.34,60.63,69.82,62.28,83.85,88.77,77.8,D,+918938625085
ECE2013,ECE,2,74.84,92.85,63.29,99.87,68.28,93.02,84.28,C,+918481085812
ECE2014,ECE,2,75.37,71.43,93.3,85.74,99.63,81.18,87.94,C,+919641612446
ECE2015,ECE,2,72.76,75.89,91.24,71.03,71.15,88.75,96.55,C,+918557647522
ECE2016,ECE,2,65.95,80.44,74.27,91.02,72.25,83.57,83.0,C,+918506459123
ECE2017,ECE,2,75.58,85.97,86.44,90.66,90.51,91.81,87.65,B,+918847794824
ECE2018,ECE,2,84.78,74.76,97.24,87.65,90.92,86.21,81.46,C,+918858668545
ECE2019,ECE,2,89.51,81.18,94.33,74.08,84.74,99.62,93.03,B,+918855341318
ECE2020,ECE,2,81.47,99.78,84.41,91.67,73.59,95.49,85.76,B,+918195051282
ECE2021,ECE,2,62.11,72.0,83.96,89.27,66.0,76.26,76.17,D,+919365203651
ECE2022,ECE,2,89.03,85.77,98.39,85.52,83.21,91.16,85.84,B,+919175905810
ECE2023,ECE,2,94.67,61.6,96.49,68.43,85.88,91.35,88.79,B,+917297911760
ECE2024,ECE,2,65.7,76.86,81.65,87.75,75.75,81.2,90.74,C,+918630177445
ECE2025,ECE,2,94.99,65.4,60.99,61.94,68.96,96.25,88.89,C,+918234847725
ECE2026,ECE,2,93.13,83.89,64.51,98.52,75.83,77.95,90.68,D,+918848646033
ECE2027,ECE,2,61.39,72.89,80.46,67.94,70.99,79.37,71.0,F,+919095176218
ECE2028,ECE,2,74.23,90.82,88.8,88.14,79.99,87.77,96.93,B,+918477942836
ECE2029,ECE,2,74.16,63.37,98.63,93.94,70.93,83.67,71.58,F,+918740654589
ECE2030,ECE,2,77.94,76.89,79.71,85.8,91.75,97.47,85.74,B,+919522499558
ECE2031,ECE,2,79.68,92.68,63.13,89.48,90.17,95.87,77.55,D,+917819807408
ECE2032,ECE,2,85.21,91.17,92.57,63.91,63.97,76.5,92.7,D,+919217256076
ECE2033,ECE,2,99.66,96.7,86.76,72.7,72.54,99.95,94.2,B,
ECE2034,ECE,2,64.9,95.03,79.99,98.25,89.21,86.06,87.0,B,
ECE2035,ECE,2,96.28,96.72,86.72,84.5,79.05,98.27,77.35,D,+918805158099
ECE2036,ECE,2,71.23,86.02,63.01,79.58,72.24,84.66,93.57,C,+917962564194
ECE2037,ECE,2,99.73,93.69,62.6,71.61,86.79,98.38,79.25,D,+919428268253
ECE2038,ECE,2,94.09,88.8,76.06,94.21,60.59,78.42,86.1,D,+917016251044
ECE2039,ECE,2,80.11,81.61,76.23,82.42,85.5,83.09,96.83,C,+918787206645
ECE2040,ECE,2,98.51,63.83,96.18,72.33,80.7,80.67,76.75,D,+917913805996
ECE2041,ECE,2,61.48,98.98,72.36,93.93,74.55,88.77,70.96,F,+918214933884
ECE2042,ECE,2,95.18,82.69,85.95,63.99,61.12,84.31,79.16,D,+918189801078
ECE2043,ECE,2,76.95,89.85,99.27,65.1,88.49,96.54,87.44,B,+917408513113
ECE2044,ECE,2,99.2,79.42,70.99,61.39,73.62,93.05,92.06,C,+917204518752
ECE2045,ECE,2,97.57,98.71,78.55,75.03,80.3,92.12,89.57,B,+917204063782
ECE2046,ECE,2,73.54,82.35,75.69,79.35,75.66,98.16,81.25,C,
ECE2047,ECE,2,80.78,69.07,95.87,81.32,90.24,91.47,98.74,B,+917732324765
ECE2048,ECE,2,95.45,64.17,94.41,85.24,84.15,78.48,71.7,F,+919121695337
ECE2049,ECE,2,70.63,86.15,87.01,86.49,85.73,93.08,79.16,D,+919731698076
ECE2050,ECE,2,87.38,66.51,63.86,67.91,71.52,96.41,80.02,C,+919237811388
ECE3001,ECE,3,62.7,94.31,89.01,98.31,81.98,78.14,79.63,D,+917585995631
ECE3002,ECE,3,61.05,90.64,85.55,68.54,60.8,85.67,88.93,C,+917071083745
ECE3003,ECE,3,74.46,99.59,81.46,84.03,98.69,80.87,70.72,F,+919211625159
ECE3004,ECE,3,90.86,73.64,90.02,62.21,94.44,96.56,70.34,F,+919425228004
ECE3005,ECE,3,70.1,99.48,90.31,87.82,65.24,96.56,85.43,B,+917297231079
ECE3006,ECE,3,84.17,98.98,89.15,97.56,70.52,91.08,89.96,B,
ECE3007,ECE,3,94.44,93.11,72.3,71.22,85.6,92.79,95.42,B,+917694525423
ECE3008,ECE,3,87.0,98.01,99.97,91.2,97.14,97.29,82.84,C,+917744338138
ECE3009,ECE,3,90.83,64.36,87.79,99.45,81.28,93.36,70.63,F,+919026228345
ECE3010,ECE,3,91.49,87.87,87.33,67.74,62.38,98.24,98.93,C,+917603656584
ECE3011,ECE,3,63.19,86.16,70.05,77.81,84.75,93.99,96.08,C,+918353198187
ECE3012,ECE,3,90.39,66.71,97.35,90.74,78.57,92.79,76.02,D,+918194562025
ECE3013,ECE,3,99.1,63.15,61.47,77.47,94.46,88.61,91.04,C,+917623011598
ECE3014,ECE,3,60.62,98.11,73.16,75.14,60.09,98.68,84.0,C,+918136917203
ECE3015,ECE,3,73.35,73.47,69.34,65.36,82.77,83.28,75.37,D,+918317944095
ECE3016,ECE,3,74.82,63.3,91.94,84.43,77.83,90.26,82.06,C,+919629941594
ECE3017,ECE,3,88.52,95.29,94.04,85.86,95.74,96.2,91.57,A,+917046137076
ECE3018,ECE,3,76.51,68.52,77.73,80.89,60.51,84.59,96.15,C,+917043658535
ECE3019,ECE,3,76.94,63.52,88.56,68.59,86.12,88.1,78.2,D,+919010599504
ECE3020,ECE,3,61.43,94.98,92.91,60.8,84.06,88.43,98.44,C,+917602246925
ECE3021,ECE,3,95.76,74.18,68.41,91.53,66.18,75.16,75.86,D,+919930845626
ECE3022,ECE,3,72.07,74.89,73.93,95.09,66.42,76.23,89.42,D,+918296825037
ECE3023,ECE,3,72.42,64.64,69.25,72.82,77.92,89.57,79.59,D,+917550058830
ECE3024,ECE,3,62.08,78.24,90.07,77.16,67.93,93.01,77.97,D,+919116942190
ECE3025,ECE,3,66.21,83.66,98.55,98.06,78.92,78.07,89.98,D,+919616309869
ECE3026,ECE,3,74.07,89.19,68.94,92.31,62.1,85.89,94.81,C,+918950645908
ECE3027,ECE,3,81.07,98.58,95.78,96.02,90.46,80.1,96.42,C,+917541960953
ECE3028,ECE,3,95.62,89.8,62.79,88.44,96.22,83.75,85.5,C,+919151917861
ECE3029,ECE,3,67.5,99.42,86.39,95.97,62.56,81.77,86.62,C,+918218691872
ECE3030,ECE,3,77.04,96.4,98.57,96.48,88.58,87.13,82.22,C,
ECE3031,ECE,3,72.85,76.8,77.77,81.95,78.69,90.57,94.69,C,+917046645026
ECE3032,ECE,3,60.04,94.08,89.03,79.31,91.09,84.84,97.18,C,+919350364109
ECE3033,ECE,3,60.99,94.35,84.82,66.43,85.46,88.45,77.83,D,+918218193038
ECE3034,ECE,3,71.25,61.17,78.39,83.8,63.05,77.43,84.1,D,+918683158833
ECE3035,ECE,3,95.93,98.43,82.39,71.18,92.3,87.84,95.42,B,+917585039238
ECE3036,ECE,3,64.6,97.85,95.11,75.9,68.28,86.04,96.49,B,+919502489538
ECE3037,ECE,3,83.35,69.89,96.59,63.77,96.38,76.39,93.34,D,+919528751471
ECE3038,ECE,3,68.89,96.88,75.16,77.14,96.0,95.84,99.88,B,+919667134439
ECE3039,ECE,3,70.84,96.99,80.5,94.5,77.72,92.16,93.83,B,+917223136464
ECE3040,ECE,3,81.21,63.2,81.67,70.7,79.6,83.26,89.9,C,+919171218120
ECE3041,ECE,3,65.36,82.34,90.74,79.36,83.93,77.09,96.22,D,+918246930860
ECE3042,ECE,3,66.22,86.63,91.17,96.36,78.67,93.12,71.43,F,+918061528143
ECE3043,ECE,3,98.24,64.02,64.95,86.24,93.13,81.21,96.33,C,+919821941783
ECE3044,ECE,3,92.72,78.23,67.78,96.64,80.85,76.31,94.98,D,
ECE3045,ECE,3,86.15,72.22,80.86,97.75,77.37,78.71,91.6,D,+919538996457
ECE3046,ECE,3,90.46,87.14,83.5,87.33,81.27,78.3,90.59,D,+917586361744
ECE3047,ECE,3,74.82,95.96,83.65,97.76,62.54,89.33,73.78,F,+918653474124
ECE3048,ECE,3,90.95,60.11,82.88,65.69,66.09,86.97,91.28,C,+917423515943
ECE3049,ECE,3,95.54,95.65,78.55,74.89,95.1,76.25,92.72,D,+917436561975
ECE3050,ECE,3,72.92,78.89,77.26,97.08,74.25,95.83,94.6,B,+918573345972
ECE4001,ECE,4,63.73,60.6,76.46,87.51,73.45,92.48,75.54,D,
ECE4002,ECE,4,61.97,71.03,68.13,88.66,78.67,82.85,78.91,D,+919964342807
ECE4003,ECE,4,97.98,62.17,85.9,87.4,78.59,99.02,83.65,C,+917074110407
ECE4004,ECE,4,90.04,73.23,81.22,91.0,73.73,82.98,84.29,C,+919783559168
ECE4005,ECE,4,71.96,73.91,74.85,63.32,84.57,88.43,86.18,C,+919332222872
ECE4006,ECE,4,71.13,84.77,78.75,65.78,85.12,99.85,80.1,C,+918129697806
ECE4007,ECE,4,73.15,67.23,62.73,67.02,79.41,94.02,81.28,D,+917097166776
ECE4008,ECE,4,81.33,63.43,83.91,97.31,74.12,98.33,78.79,D,+919654893049
ECE4009,ECE,4,73.01,81.23,71.18,63.24,79.83,98.62,98.36,C,+917666747255
ECE4010,ECE,4,81.2,80.77,91.39,72.38,95.88,96.48,96.13,B,+917805935908
ECE4011,ECE,4,96.82,84.39,90.68,60.68,95.23,78.5,79.78,D,+918436947009
ECE4012,ECE,4,67.47,84.48,73.62,61.75,68.14,92.4,72.21,F,+919686184066
ECE4013,ECE,4,95.3,87.27,60.88,79.69,96.06,75.93,80.5,D,+918359565266
ECE4014,ECE,4,67.44,89.49,60.96,81.63,96.15,98.97,88.22,C,
ECE4015,ECE,4,89.25,80.07,82.97,88.08,65.31,82.63,77.17,D,+918006518489
ECE4016,ECE,4,94.33,87.59,69.97,91.35,76.91,93.3,94.44,B,+919075835947
ECE4017,ECE,4,76.35,81.62,90.22,67.26,72.05,83.09,78.26,D,
ECE4018,ECE,4,61.23,68.25,95.34,77.93,89.75,95.94,81.56,C,+917534306299
ECE4019,ECE,4,71.93,81.14,62.87,99.29,83.28,88.86,70.04,F,+919473742935
ECE4020,ECE,4,97.39,82.9,80.67,98.8,71.4,98.24,78.91,D,+918237949023
ECE4021,ECE,4,67.81,69.65,97.04,69.65,80.49,91.3,93.01,C,+917927966236
ECE4022,ECE,4,74.38,83.99,81.26,77.74,91.08,84.42,93.73,C,+919975511702
ECE4023,ECE,4,91.37,99.55,93.59,63.23,75.12,75.1,95.66,D,+917100630009
ECE4024,ECE,4,76.98,68.55,86.11,89.45,60.43,84.06,98.24,C,+919052289945
ECE4025,ECE,4,84.39,70.62,95.48,65.38,63.66,91.62,79.06,D,+919431107772
ECE4026,ECE,4,77.29,63.05,88.52,71.44,88.13,95.37,99.2,C,+917723405903
ECE4027,ECE,4,74.24,80.2,91.38,96.05,70.28,84.95,97.68,C,+919846944407
ECE4028,ECE,4,89.53,89.44,61.28,62.96,84.51,77.7,89.46,D,+919208795905
ECE4029,ECE,4,77.39,77.31,98.78,95.3,82.98,90.28,87.74,B,+918103776233
ECE4030,ECE,4,97.59,60.31,66.95,74.84,71.71,87.83,77.76,D,+919542379096
ECE4031,ECE,4,70.39,65.41,92.16,77.26,64.14,98.27,88.1,C,+919179954338
ECE4032,ECE,4,61.08,77.12,80.71,76.32,66.64,89.56,71.65,F,+918792816839
ECE4033,ECE,4,89.24,75.13,99.81,67.01,69.9,82.51,98.25,C,+917106182707
ECE4034,ECE,4,71.87,65.31,78.93,93.1,87.64,94.8,81.2,C,
ECE4035,ECE,4,79.16,91.79,63.39,80.48,96.38,81.01,71.77,F,+919167623555
ECE4036,ECE,4,92.96,89.0,92.57,90.36,74.43,92.64,73.84,F,+919849278698
ECE4037,ECE,4,73.48,61.48,86.13,98.2,66.32,98.12,91.07,C,+918616656756
ECE4038,ECE,4,71.52,72.46,98.72,84.55,90.39,81.49,92.92,C,+917733370339
ECE4039,ECE,4,75.94,71.66,72.75,94.24,86.67,86.7,90.23,B,+918520417830
ECE4040,ECE,4,85.1,84.32,98.59,72.02,68.21,93.05,75.26,D,
ECE4041,ECE,4,70.73,80.44,96.33,64.85,68.76,91.2,98.11,C,+919891893044
ECE4042,ECE,4,81.46,82.62,84.17,65.59,91.32,94.3,98.98,B,+917239457945
ECE4043,ECE,4,98.21,82.77,97.19,64.59,72.49,77.19,96.19,D,+919189477681
ECE4044,ECE,4,93.01,67.24,68.67,61.77,67.81,95.1,96.46,C,+917583476946
ECE4045,ECE,4,67.78,84.33,99.66,96.54,75.04,77.08,99.14,D,+918736491406
ECE4046,ECE,4,83.41,74.44,80.79,72.52,89.29,93.32,80.29,C,+917560164435
ECE4047,ECE,4,90.61,97.6,99.63,67.54,79.54,77.15,86.79,D,+918025569221
ECE4048,ECE,4,82.58,95.44,82.57,64.26,65.85,95.46,86.21,C,+917798298445
ECE4049,ECE,4,87.51,93.35,73.52,92.69,98.71,99.6,79.72,D,+918733573133
ECE4050,ECE,4,71.22,87.28,71.57,72.41,75.91,91.35,90.08,C,+917696807305
EEE1001,EEE,1,92.95,74.07,69.82,68.8,98.91,85.5,76.41,D,+918418813496
EEE1002,EEE,1,69.72,93.27,64.09,60.74,86.22,76.32,99.37,D,+917866004649
EEE1003,EEE,1,91.3,72.68,76.42,65.64,91.8,91.83,73.71,F,+919894418882
EEE1004,EEE,1,62.35,68.24,71.23,80.12,91.19,76.63,72.76,F,+919824579156
EEE1005,EEE,1,74.65,86.78,68.77,73.89,95.92,77.35,96.1,D,+918619150209
EEE1006,EEE,1,60.36,97.1,72.88,77.82,84.03,99.11,99.75,C,+918112896663
EEE1007,EEE,1,77.1,70.18,85.2,65.4,96.21,81.66,90.73,C,+918334093609
EEE1008,EEE,1,86.07,71.38,72.8,85.88,79.58,96.38,87.23,C,+917959829981
EEE1009,EEE,1,75.53,83.29,93.63,61.95,89.36,94.01,77.61,D,+919412510284
EEE1010,EEE,1,87.33,76.93,72.03,78.8,96.13,83.18,79.99,D,+918678933048
EEE1011,EEE,1,61.36,74.77,75.43,82.94,76.89,84.23,72.34,F,+917854759884
EEE1012,EEE,1,83.02,60.44,86.24,75.02,93.28,98.24,85.09,C,+917719874781
EEE1013,EEE,1,80.52,93.3,72.93,63.57,77.97,93.25,96.09,C,+918399192809
EEE1014,EEE,1,72.45,87.42,91.8,87.13,66.93,82.53,73.76,F,+917492489674
EEE1015,EEE,1,78.34,82.16,83.24,77.86,93.06,91.93,89.22,B,+917329278428
EEE1016,EEE,1,87.1,87.26,75.24,62.82,90.86,96.34,98.81,B,+918708574969
EEE1017,EEE,1,76.72,66.65,61.09,70.3,92.62,82.14,88.81,C,+918756409500
EEE1018,EEE,1,80.55,77.94,71.19,88.7,82.3,94.2,85.01,B,+918215905944
EEE1019,EEE,1,66.78,72.93,89.68,80.41,78.24,92.89,85.19,C,+917141492914
EEE1020,EEE,1,98.02,65.22,83.44,97.12,89.72,80.73,76.81,D,+917125535914
EEE1021,EEE,1,93.35,63.27,75.67,66.89,88.19,91.14,79.35,D,+919203531736
EEE1022,EEE,1,65.17,80.88,79.72,80.51,82.21,76.03,90.17,D,+917392779123
EEE1023,EEE,1,93.42,84.53,70.25,83.16,69.64,76.04,79.03,D,+919084625961
EEE1024,EEE,1,85.0,75.83,75.0,64.54,96.67,98.46,92.54,C,+919666480817
EEE1025,EEE,1,98.13,86.48,76.37,99.59,85.22,84.8,79.21,D,+918439135495
EEE1026,EEE,1,68.16,61.86,88.31,93.03,87.03,75.71,88.34,D,+919323813852
EEE1027,EEE,1,96.64,96.83,82.09,99.81,79.5,76.47,90.52,D,+917887223852
EEE1028,EEE,1,97.89,72.15,85.21,99.8,86.23,82.88,73.48,F,+918995645733
EEE1029,EEE,1,71.57,91.85,84.96,85.69,67.68,79.51,96.29,D,
EEE1030,EEE,1,62.96,99.18,79.78,64.67,64.39,98.15,83.15,C,+919063627840
EEE1031,EEE,1,80.92,71.98,91.05,99.45,90.43,97.39,89.7,B,+919573063215
EEE1032,EEE,1,96.47,68.26,86.62,73.2,64.25,93.7,74.66,F,+919765271384
EEE1033,EEE,1,95.99,62.31,74.67,78.67,85.52,87.05,89.87,C,+917759175590
EEE1034,EEE,1,89.49,78.83,88.01,75.43,77.97,81.92,71.04,F,+917436621326
EEE1035,EEE,1,81.49,81.77,67.23,69.2,94.03,90.74,81.85,C,+918170836080
EEE1036,EEE,1,72.7,98.68,92.5,83.15,75.56,94.37,76.07,D,+917611642387
EEE1037,EEE,1,85.61,90.62,77.22,89.64,92.46,91.19,95.62,B,+917062464439
EEE1038,EEE,1,84.92,90.31,71.25,84.47,62.28,88.43,78.98,D,+918593835058
EEE1039,EEE,1,67.63,84.08,77.88,80.02,68.76,88.02,88.06,C,+917807693215
EEE1040,EEE,1,83.65,63.22,99.96,99.89,83.62,90.45,97.75,B,+918997616095
EEE1041,EEE,1,83.19,81.07,69.35,82.29,60.63,94.63,96.63,C,+918451681355
EEE1042,EEE,1,68.28,65.55,89.5,89.46,96.99,96.89,72.49,F,+919185485376
EEE1043,EEE,1,82.54,73.7,84.04,99.6,94.74,78.42,86.48,D,+917086188917
EEE1044,EEE,1,78.62,62.94,65.46,72.11,74.3,77.45,93.31,D,+917169556201
EEE1045,EEE,1,91.56,68.71,78.6,60.75,67.0,75.33,72.26,F,+917684929755
EEE1046,EEE,1,63.76,95.69,82.21,78.44,84.86,82.5,90.47,C,+917206637136
EEE1047,EEE,1,88.62,95.73,67.49,75.65,94.87,95.49,87.65,B,+917989595160
EEE1048,EEE,1,72.89,77.67,92.05,63.61,92.67,75.28,88.09,D,+917909919344
EEE1049,EEE,1,76.0,98.11,73.0,73.55,90.91,80.64,96.21,C,+917636090644
EEE1050,EEE,1,71.15,79.09,99.15,95.34,98.49,98.88,79.53,D,+917621533585
EEE2001,EEE,2,95.62,98.19,73.68,61.56,61.94,86.65,77.85,D,+918031211671
EEE2002,EEE,2,68.93,72.85,96.54,88.07,94.3,76.93,76.14,D,+918991468678
EEE2003,EEE,2,62.99,78.72,65.09,94.97,99.0,90.72,92.9,B,+917868261018
EEE2004,EEE,2,98.17,97.12,95.96,81.29,90.43,93.26,90.03,A,
EEE2005,EEE,2,93.55,83.55,88.75,89.94,79.24,91.96,70.25,F,+918359836596
EEE2006,EEE,2,80.44,89.65,84.76,95.01,80.03,86.64,77.36,D,+917290313519
EEE2007,EEE,2,89.34,65.22,90.55,87.23,90.48,98.99,87.36,B,
EEE2008,EEE,2,79.19,62.67,94.74,71.67,97.99,99.69,76.92,D,+918463828195
EEE2009,EEE,2,81.63,92.68,79.65,60.1,62.47,84.53,71.38,F,+917237956579
EEE2010,EEE,2,66.23,97.62,82.67,77.67,83.71,94.86,89.77,B,+917425642551
EEE2011,EEE,2,65.7,87.38,98.54,94.27,63.6,94.79,78.89,D,+917685958535
EEE2012,EEE,2,73.61,83.47,92.84,92.17,78.87,95.78,70.12,F,+918975998286
EEE2013,EEE,2,73.99,81.66,72.72,93.62,99.24,84.48,73.07,F,+917601844284
EEE2014,EEE,2,69.05,69.65,89.08,93.16,99.91,91.48,73.71,F,+918366359662
EEE2015,EEE,2,77.61,72.24,60.78,74.17,63.6,99.9,75.28,D,
EEE2016,EEE,2,67.99,74.05,92.36,74.21,80.69,75.49,94.86,D,+917437141749
EEE2017,EEE,2,97.71,65.32,64.38,93.48,75.4,94.98,95.19,C,+918272202907
EEE2018,EEE,2,84.47,65.81,95.41,70.74,74.65,97.72,76.53,D,+917935980456
EEE2019,EEE,2,62.4,64.7,66.28,94.77,79.25,90.43,85.4,C,+919911468944
EEE2020,EEE,2,94.8,88.11,76.05,68.48,69.37,89.18,91.75,C,+919236327386
EEE2021,EEE,2,95.75,67.09,88.86,60.5,79.09,93.2,96.17,C,+918321819895
EEE2022,EEE,2,78.29,89.14,78.51,77.77,98.59,75.94,80.51,D,
EEE2023,EEE,2,75.91,62.26,73.19,65.42,69.96,97.69,89.58,D,+918114593730
EEE2024,EEE,2,60.85,78.75,91.52,63.91,84.93,78.47,71.15,F,+917046864506
EEE2025,EEE,2,86.13,78.53,95.79,90.9,77.2,78.68,72.51,F,+919024626089
EEE2026,EEE,2,96.69,66.07,93.55,80.97,83.81,91.83,90.15,B,+917007062049
EEE2027,EEE,2,62.15,71.67,75.57,68.86,68.54,94.91,74.76,F,+918544208017
EEE2028,EEE,2,93.88,82.03,67.16,88.52,61.75,92.39,87.52,C,+919844288959
EEE2029,EEE,2,82.71,68.31,97.07,67.93,93.72,90.69,83.82,C,+919431576011
EEE2030,EEE,2,66.76,97.15,91.19,68.53,73.67,89.48,90.74,C,+918436724311
EEE2031,EEE,2,71.03,97.21,77.65,85.81,99.52,89.79,86.6,B,+917571314244
EEE2032,EEE,2,93.18,83.1,73.01,99.95,94.32,94.17,75.87,D,+918971249262
EEE2033,EEE,2,69.42,99.14,65.5,91.24,76.54,94.74,89.35,B,+919434001865
EEE2034,EEE,2,85.39,79.56,85.33,75.55,60.92,87.59,90.24,C,+918078004637
EEE2035,EEE,2,84.41,84.88,65.83,91.67,86.16,92.43,72.5,F,+918681917184
EEE2036,EEE,2,98.72,95.37,87.14,75.93,85.85,88.53,84.45,C,+918317009823
EEE2037,EEE,2,77.31,83.1,60.32,77.26,78.09,80.7,85.05,C,+919115569405
EEE2038,EEE,2,61.61,80.05,66.66,65.87,87.12,85.51,81.3,C,+917333101227
EEE2039,EEE,2,67.25,91.78,69.6,77.68,85.16,97.2,84.13,C,+919121554010
EEE2040,EEE,2,86.26,88.25,85.79,73.51,83.46,77.13,77.91,D,+919605858370
EEE2041,EEE,2,86.62,65.22,61.69,95.21,73.52,77.85,95.84,D,+918652275320
EEE2042,EEE,2,84.01,95.28,66.22,81.48,61.21,97.55,95.81,C,+919816992849
EEE2043,EEE,2,71.5,92.68,89.1,65.09,62.34,93.21,78.56,D,+918786687361
EEE2044,EEE,2,94.62,74.09,83.34,79.73,66.81,98.03,91.22,C,+917503549716
EEE2045,EEE,2,98.78,68.98,93.92,80.49,72.08,84.16,98.16,C,+918632292018
EEE2046,EEE,2,64.13,82.4,78.15,64.43,68.34,96.19,80.43,C,+918103820902
EEE2047,EEE,2,88.12,96.29,91.67,65.38,86.81,94.79,88.31,B,+919962830228
EEE2048,EEE,2,85.14,69.27,76.11,93.75,74.01,76.84,70.71,F,+917047758082
EEE2049,EEE,2,94.29,78.78,63.42,95.72,69.97,93.88,78.68,D,+918463122536
EEE2050,EEE,2,65.88,89.03,83.69,82.37,75.21,80.53,81.78,C,+917930112633
EEE3001,EEE,3,79.51,79.21,66.13,82.21,82.73,78.26,91.32,D,
EEE3002,EEE,3,84.47,74.26,68.44,69.83,66.74,93.96,91.42,C,+917833805867
EEE3003,EEE,3,97.78,60.0,86.76,63.75,78.73,80.72,76.64,D,+918632568264
EEE3004,EEE,3,89.88,63.07,65.93,77.89,78.33,96.72,88.42,C,+919938815061
EEE3005,EEE,3,71.16,89.57,85.9,79.67,64.67,94.12,97.13,C,+917586018766
EEE3006,EEE,3,66.91,63.76,80.83,77.39,84.57,97.95,72.06,F,+919930806144
EEE3007,EEE,3,60.56,84.18,66.38,67.83,84.74,97.82,71.66,F,+919895964471
EEE3008,EEE,3,81.6,62.29,68.2,71.6,65.0,79.38,95.75,D,+917175490511
EEE3009,EEE,3,85.82,85.33,90.41,84.55,93.25,82.79,89.21,C,+919341191366
EEE3010,EEE,3,73.94,80.1,82.54,97.85,79.68,83.76,83.65,C,+917449431155
EEE3011,EEE,3,81.01,79.71,69.61,64.43,72.61,90.99,84.7,C,+917803136294
EEE3012,EEE,3,84.66,72.35,80.25,61.04,91.89,96.46,82.84,C,
EEE3013,EEE,3,91.26,99.11,72.13,63.19,84.28,89.9,70.01,F,
EEE3014,EEE,3,91.89,89.24,86.69,78.58,90.42,81.13,76.45,D,+918938394723
EEE3015,EEE,3,76.87,78.25,78.01,88.97,73.53,84.61,71.63,F,
EEE3016,EEE,3,76.34,79.14,69.72,87.54,88.93,96.34,99.47,B,
EEE3017,EEE,3,76.97,87.17,72.03,85.3,65.08,83.58,70.25,F,
EEE3018,EEE,3,94.43,72.56,95.08,61.23,98.29,77.92,86.75,D,+917949763120
EEE3019,EEE,3,68.57,84.18,78.47,69.34,60.09,86.81,82.06,C,+918558523129
EEE3020,EEE,3,98.5,94.38,99.41,75.27,76.53,99.9,82.51,C,
EEE3021,EEE,3,79.78,79.74,65.22,60.12,82.23,99.95,70.06,F,+917456729823
EEE3022,EEE,3,81.04,97.72,60.8,66.29,87.8,89.5,82.92,C,
EEE3023,EEE,3,92.63,68.66,79.94,70.01,90.55,90.19,83.92,C,+918056592171
EEE3024,EEE,3,83.38,95.58,72.31,95.36,81.5,92.14,73.81,F,+917428570239
EEE3025,EEE,3,79.64,74.51,65.73,71.01,60.81,86.52,75.15,D,+918965503249
EEE3026,EEE,3,73.0,74.67,93.46,86.52,60.66,93.56,82.25,C,+919454591840
EEE3027,EEE,3,79.5,87.28,91.64,88.42,62.11,78.53,77.07,D,+918910036055
EEE3028,EEE,3,78.8,74.14,80.08,99.02,98.02,82.64,92.85,C,
EEE3029,EEE,3,83.61,74.7,66.24,91.25,67.88,83.97,74.05,F,+917053416277
EEE3030,EEE,3,82.06,79.33,63.34,74.47,70.17,81.39,82.62,C,+917840842602
EEE3031,EEE,3,86.88,63.3,75.85,73.65,92.0,94.3,84.71,C,+919452464233
EEE3032,EEE,3,96.99,67.08,70.13,89.47,97.78,91.33,92.69,B,+918493186203
EEE3033,EEE,3,68.01,61.07,92.2,91.98,61.42,96.05,92.47,C,+917297141352
EEE3034,EEE,3,97.8,78.07,80.99,64.79,92.28,93.35,78.02,D,+918407135787
EEE3035,EEE,3,77.18,77.2,67.37,68.95,78.42,78.33,83.57,D,+918071296353
EEE3036,EEE,3,95.25,98.76,83.98,85.63,73.88,99.77,80.85,C,+917220602720
EEE3037,EEE,3,84.04,73.1,78.31,65.2,68.31,76.53,80.98,D,
EEE3038,EEE,3,91.75,82.6,79.86,66.35,95.94,84.23,74.69,F,+919175158402
EEE3039,EEE,3,90.74,71.16,73.21,74.54,74.52,98.37,99.93,C,+918049037027
EEE3040,EEE,3,91.65,78.64,91.86,60.48,63.03,98.24,76.73,D,+919369573474
EEE3041,EEE,3,77.65,64.67,80.0,88.32,83.7,94.52,90.99,C,+917216952828
EEE3042,EEE,3,89.33,96.67,67.65,63.85,67.63,88.66,78.9,D,+917655493601
EEE3043,EEE,3,62.74,89.89,68.97,68.25,90.42,96.21,78.62,D,+919232698637
EEE3044,EEE,3,92.0,75.33,61.22,96.02,68.82,88.92,70.12,F,+918655836926
EEE3045,EEE,3,77.67,88.06,69.15,92.51,85.23,99.19,80.4,C,
EEE3046,EEE,3,60.07,88.16,84.2,74.58,77.68,79.72,85.1,D,+917785423945
EEE3047,EEE,3,82.17,97.17,90.27,63.86,98.39,89.48,77.75,D,+919781033144
EEE3048,EEE,3,86.04,65.08,98.63,84.75,81.04,86.2,98.08,B,+917137675093
EEE3049,EEE,3,83.78,92.24,84.61,77.73,81.68,78.43,79.24,D,+919403640905
EEE3050,EEE,3,64.88,80.43,65.12,78.95,83.55,94.61,74.72,F,
EEE4001,EEE,4,72.74,82.07,99.91,95.83,75.84,95.65,72.71,F,+918376391827
EEE4002,EEE,4,98.1,63.39,91.85,93.75,64.52,77.17,89.9,D,+918315969583
EEE4003,EEE,4,70.07,80.13,69.37,96.03,62.25,83.72,99.67,C,+918215325016
EEE4004,EEE,4,77.72,65.94,74.77,65.82,91.45,77.24,71.9,F,+917007128253
EEE4005,EEE,4,62.32,87.51,69.86,73.28,96.51,84.37,74.97,F,+918744632020
EEE4006,EEE,4,67.19,93.97,85.0,74.13,61.67,80.29,96.97,C,+918417471538
EEE4007,EEE,4,85.6,64.14,85.89,70.09,78.06,80.44,79.99,D,+918542672325
EEE4008,EEE,4,84.24,69.76,93.42,73.3,77.83,90.08,79.88,D,+919574565003
EEE4009,EEE,4,88.43,94.26,72.28,60.05,68.91,79.64,85.57,D,+919880463908
EEE4010,EEE,4,90.18,69.19,82.1,78.2,67.13,96.06,83.1,C,+918436105745
EEE4011,EEE,4,95.98,60.54,92.91,96.49,93.67,91.26,94.89,B,+918159864014
EEE4012,EEE,4,79.65,67.88,61.99,77.59,66.85,83.51,75.31,D,+918720049152
EEE4013,EEE,4,84.72,78.45,66.83,66.98,91.92,89.15,73.09,F,+917625958520
EEE4014,EEE,4,83.14,61.4,78.07,90.34,91.5,88.37,84.88,C,+919904001457
EEE4015,EEE,4,69.03,71.66,79.96,80.89,73.31,78.94,84.83,D,+917445487462
EEE4016,EEE,4,92.44,78.9,86.47,74.26,99.17,97.39,91.66,B,+919568199398
EEE4017,EEE,4,90.19,86.28,81.96,79.18,60.55,93.99,75.01,D,+918846016583
EEE4018,EEE,4,95.31,86.05,88.9,63.58,65.23,83.55,71.62,F,+919246641592
EEE4019,EEE,4,73.79,86.49,61.37,91.64,89.11,89.75,82.13,C,
EEE4020,EEE,4,75.35,95.32,94.88,82.26,71.66,81.39,72.28,F,+918092028387
EEE4021,EEE,4,63.55,62.69,60.73,66.64,89.89,93.96,81.29,D,+917356461678
EEE4022,EEE,4,74.85,91.63,96.61,87.1,73.89,87.17,98.96,B,+917457523969
EEE4023,EEE,4,75.86,99.33,76.26,66.1,69.89,77.08,84.85,D,+919645184426
EEE4024,EEE,4,66.53,99.46,67.26,86.53,84.39,93.11,74.31,F,+917732017948
EEE4025,EEE,4,72.93,83.24,66.4,89.98,66.6,76.08,72.19,F,+917005347225
EEE4026,EEE,4,75.83,98.61,96.6,92.86,75.6,75.94,98.57,D,+918444606927
EEE4027,EEE,4,96.04,73.14,93.95,93.23,62.82,89.59,74.66,F,+918278381982
EEE4028,EEE,4,80.75,98.89,98.18,99.41,61.43,82.77,80.16,C,
EEE4029,EEE,4,75.78,93.93,89.47,61.52,91.45,84.85,81.24,C,+917346970129
EEE4030,EEE,4,96.49,90.56,99.7,91.19,60.46,98.95,84.15,C,+919495414754
EEE4031,EEE,4,96.99,62.6,64.08,72.09,70.24,93.04,75.54,D,
EEE4032,EEE,4,62.58,69.92,88.13,77.3,60.12,97.11,87.38,C,+919672461469
EEE4033,EEE,4,92.09,65.41,60.14,63.92,78.69,89.51,86.01,C,+919182387639
EEE4034,EEE,4,73.83,98.72,60.29,73.15,96.23,93.5,94.25,B,+917642208956
EEE4035,EEE,4,74.21,98.55,92.84,66.0,94.96,82.32,82.57,C,+917749625076
EEE4036,EEE,4,88.28,71.87,99.66,86.43,99.53,76.77,90.41,D,+918559982711
EEE4037,EEE,4,99.26,77.91,63.7,88.94,64.77,80.58,89.98,C,+917173721456
EEE4038,EEE,4,82.94,61.69,85.3,80.57,60.54,76.8,86.98,D,+917863631747
EEE4039,EEE,4,91.35,65.36,79.06,72.47,80.86,80.72,85.66,C,+917665716760
EEE4040,EEE,4,73.52,62.58,88.9,87.25,65.3,83.0,93.78,C,+918310104095
EEE4041,EEE,4,88.18,88.04,86.45,75.83,94.68,83.74,71.47,F,+917825072164
EEE4042,EEE,4,91.62,70.91,92.86,84.5,90.73,97.59,70.47,F,+918625068213
EEE4043,EEE,4,94.53,69.79,70.5,65.7,72.64,87.96,93.02,C,+917103571643
EEE4044,EEE,4,98.54,93.43,94.18,97.22,61.28,82.69,73.57,F,+917138298906
EEE4045,EEE,4,91.76,98.09,66.19,92.08,65.79,80.82,71.21,F,+919966155839
EEE4046,EEE,4,72.5,79.89,97.13,67.31,94.56,98.78,81.59,C,+917534731792
EEE4047,EEE,4,86.14,94.78,84.39,75.62,62.29,96.98,94.14,B,+919242652551
EEE4048,EEE,4,64.26,97.52,69.7,70.25,65.97,81.09,74.46,F,+917951231277
EEE4049,EEE,4,77.81,74.87,93.58,87.06,61.29,86.41,79.61,D,+918896585879
EEE4050,EEE,4,69.21,84.48,75.25,97.31,96.57,82.1,82.59,C,+918329172982
IT1001,IT,1,74.03,90.77,72.38,98.29,95.83,99.57,91.53,B,+917521953843
IT1002,IT,1,60.18,79.41,65.75,88.41,85.67,79.41,81.86,D,
IT1003,IT,1,81.58,76.6,77.04,95.96,71.71,91.01,72.13,F,+917855198211
IT1004,IT,1,79.77,97.42,77.33,61.03,95.22,93.74,84.36,C,+919001975437
IT1005,IT,1,67.6,65.16,89.61,71.95,98.9,85.97,88.43,C,
IT1006,IT,1,73.45,95.67,64.4,65.3,64.64,92.35,79.83,D,+919850773158
IT1007,IT,1,63.64,87.17,69.0,77.27,66.58,99.19,86.72,C,+917869121054
IT1008,IT,1,94.65,67.61,95.27,98.94,96.69,92.7,80.95,C,+917914416697
IT1009,IT,1,67.84,92.16,78.24,66.71,81.19,91.22,87.84,C,+917725461590
IT1010,IT,1,88.98,65.87,65.42,66.17,70.57,75.99,90.74,D,+918417375596
IT1011,IT,1,83.69,98.7,71.98,87.74,83.65,86.68,87.75,B,+917960028357
IT1012,IT,1,97.22,61.08,95.78,79.89,72.7,76.31,96.68,D,+919692157084
IT1013,IT,1,96.9,63.3,83.3,89.17,70.26,79.41,92.46,D,
IT1014,IT,1,98.67,99.18,76.31,85.11,88.36,92.94,82.22,C,+917806145707
IT1015,IT,1,99.16,77.02,69.49,81.43,63.3,84.18,87.49,C,+918397264158
IT1016,IT,1,62.55,66.45,75.12,75.21,64.26,93.23,70.26,F,+917290896608
IT1017,IT,1,85.8,73.83,79.65,61.17,60.99,93.83,92.49,C,
IT1018,IT,1,89.32,67.16,62.27,86.35,97.88,75.28,77.92,D,
IT1019,IT,1,80.56,88.53,98.26,93.23,71.42,84.2,98.52,C,+917363742151
IT1020,IT,1,61.22,87.15,90.54,65.32,81.71,81.67,94.26,C,+917742826261
IT1021,IT,1,92.88,93.43,94.2,67.13,68.88,91.22,96.59,B,+919106857344
IT1022,IT,1,71.08,77.9,73.96,68.56,88.28,88.48,99.14,C,+919076731238
IT1023,IT,1,81.41,67.61,87.59,91.12,69.1,81.85,70.7,F,+919272020098
IT1024,IT,1,85.01,93.7,73.83,90.27,79.36,95.35,83.21,C,+919975387170
IT1025,IT,1,72.61,93.76,88.5,60.81,94.16,79.6,76.46,D,
IT1026,IT,1,74.36,86.22,83.88,91.11,86.91,97.49,72.7,F,+918183366378
IT1027,IT,1,91.73,74.1,75.41,87.46,64.03,94.43,95.21,C,+919400464197
IT1028,IT,1,71.31,70.59,95.38,74.53,76.65,77.82,74.41,F,+919070152688
IT1029,IT,1,82.87,90.06,63.05,91.92,60.36,96.31,74.83,F,+917453102108
IT1030,IT,1,64.83,85.53,84.74,76.71,96.54,80.3,92.57,C,+918373749752
IT1031,IT,1,75.94,68.61,78.56,75.12,78.61,83.19,73.23,F,+919470683006
IT1032,IT,1,77.03,86.65,88.64,79.47,92.62,98.17,89.16,B,+919069707938
IT1033,IT,1,98.52,91.32,97.55,69.55,84.56,96.94,74.68,F,+917173452289
IT1034,IT,1,68.56,98.39,75.59,95.8,60.78,99.53,71.49,F,+919280666280
IT1035,IT,1,70.19,81.03,99.14,95.11,71.77,85.66,89.83,B,+918706504595
IT1036,IT,1,82.26,73.33,86.78,96.91,96.91,86.98,99.31,B,+917335613092
IT1037,IT,1,60.35,91.77,88.25,65.85,65.08,81.74,87.6,C,+918154767880
IT1038,IT,1,82.88,79.57,76.98,63.71,76.58,93.7,71.85,F,+919096572120
IT1039,IT,1,67.32,60.78,89.06,75.89,65.37,85.73,74.52,F,+919692032176
IT1040,IT,1,93.33,61.66,80.54,70.76,62.89,97.59,92.23,C,+917336889488
IT1041,IT,1,74.98,92.44,62.88,87.89,67.25,76.53,94.2,D,+917159583569
IT1042,IT,1,67.46,82.17,80.88,95.63,74.73,94.83,76.37,D,+917285707666
IT1043,IT,1,61.62,66.27,91.37,62.69,91.96,76.54,70.49,F,+917148259097
IT1044,IT,1,91.43,86.76,88.95,69.09,85.88,81.89,91.59,C,+919170795425
IT1045,IT,1,93.17,62.87,70.01,96.69,67.77,88.39,74.52,F,
IT1046,IT,1,79.84,92.98,70.3,66.43,96.65,84.28,87.2,C,+919519516266
IT1047,IT,1,81.14,66.78,96.7,79.52,95.78,83.55,88.79,C,+917781281753
IT1048,IT,1,97.51,71.33,62.97,97.52,78.59,90.55,70.43,F,+918403374971
IT1049,IT,1,97.29,98.94,98.86,66.5,74.43,97.86,99.88,B,+917805386441
IT1050,IT,1,66.75,91.13,79.84,88.57,74.14,88.34,75.42,D,+918516705419
IT2001,IT,2,99.72,66.01,68.86,76.03,68.67,83.0,95.18,C,+919347908094
IT2002,IT,2,82.33,69.64,84.85,75.21,98.23,85.54,75.1,D,+917864563405
IT2003,IT,2,73.44,60.83,99.92,99.28,97.82,96.02,82.0,C,+917515216280
IT2004,IT,2,63.47,99.8,64.51,68.46,86.98,86.66,97.79,C,+919476046097
IT2005,IT,2,87.98,82.23,76.74,94.42,68.81,98.76,74.28,F,
IT2006,IT,2,74.13,62.06,84.87,85.47,64.04,79.49,81.47,D,+917557452563
IT2007,IT,2,90.57,69.01,65.6,91.11,65.18,92.41,75.77,D,+917992987083
IT2008,IT,2,84.23,87.52,94.95,77.65,83.72,76.36,76.96,D,+917920007465
IT2009,IT,2,90.42,62.13,65.75,65.1,90.36,88.74,78.5,D,+918546007049
IT2010,IT,2,95.78,76.45,90.83,80.93,87.53,77.04,76.27,D,
IT2011,IT,2,61.43,66.87,88.3,87.89,79.6,88.87,95.88,C,+919670788570
IT2012,IT,2,85.58,76.54,90.28,85.75,90.02,88.9,90.94,B,+919347812312
IT2013,IT,2,91.19,95.12,64.23,90.7,61.02,79.92,94.41,D,+919194349027
IT2014,IT,2,79.16,89.21,70.02,66.49,95.48,85.96,86.19,B,
IT2015,IT,2,95.76,98.45,69.37,67.26,84.89,88.48,95.37,B,+919885891400
IT2016,IT,2,74.56,90.11,64.68,65.77,79.96,81.73,80.49,C,+917802478423
IT2017,IT,2,64.74,84.4,94.78,90.65,77.32,95.91,84.15,C,+919584692202
IT2018,IT,2,97.55,63.94,96.02,99.59,67.08,82.22,77.98,D,+917180729705
IT2019,IT,2,84.4,78.78,95.33,77.63,64.76,91.49,91.02,B,
IT2020,IT,2,71.3,78.24,60.98,72.35,69.36,88.84,84.86,C,+918107510487
IT2021,IT,2,69.41,72.47,78.11,62.54,67.45,84.85,87.26,D,+919287908670
IT2022,IT,2,60.49,63.53,98.37,82.97,62.09,87.55,91.91,C,+918250456431
IT2023,IT,2,79.33,76.85,61.65,63.72,66.18,87.03,86.53,D,+917960615004
IT2024,IT,2,91.32,79.4,81.67,94.94,67.75,76.18,82.12,D,+919304537338
IT2025,IT,2,76.27,82.4,93.14,88.42,81.62,99.19,97.2,B,+918681722209
IT2026,IT,2,85.27,88.45,78.89,88.49,80.72,84.79,89.68,C,+918767756029
IT2027,IT,2,75.31,74.88,64.8,63.13,68.55,75.05,82.33,D,+917570606433
IT2028,IT,2,78.45,67.12,75.95,88.87,67.64,85.06,75.46,D,+919384647384
IT2029,IT,2,83.42,74.44,82.88,97.34,91.53,97.59,73.77,F,+918084155707
IT2030,IT,2,94.13,76.79,76.1,91.86,83.45,95.44,94.16,B,+917481336636
IT2031,IT,2,84.0,62.76,75.46,87.42,63.51,76.63,93.54,D,
IT2032,IT,2,75.13,82.68,78.67,76.74,64.92,83.43,77.6,D,
IT2033,IT,2,70.72,86.9,65.42,98.95,71.28,86.57,82.76,C,
IT2034,IT,2,61.16,93.68,82.73,97.02,78.96,76.19,96.09,D,+918002240680
IT2035,IT,2,95.64,68.18,60.6,67.99,62.05,90.85,94.72,C,+918618658895
IT2036,IT,2,69.48,82.14,87.2,81.24,72.3,76.49,72.98,F,+917688345981
IT2037,IT,2,71.43,86.33,76.76,70.86,86.11,94.91,86.62,C,+919977045956
IT2038,IT,2,87.32,92.25,76.44,67.02,61.91,98.94,81.22,C,
IT2039,IT,2,88.8,90.7,75.86,97.02,95.1,90.58,85.49,B,+917076834202
IT2040,IT,2,69.51,94.05,72.57,96.66,91.73,90.82,89.93,B,+917741665095
IT2041,IT,2,95.1,61.61,99.14,94.82,81.01,75.14,79.33,D,+917616903106
IT2042,IT,2,71.51,79.42,65.26,66.45,82.85,81.78,86.62,C,+917169774330
IT2043,IT,2,74.74,76.16,99.47,88.14,62.38,75.98,87.95,D,+918120739514
IT2044,IT,2,92.63,78.93,64.94,68.12,64.32,81.85,90.92,C,+918750995885
IT2045,IT,2,94.41,75.36,75.72,92.67,83.85,87.74,97.7,B,+917903807491
IT2046,IT,2,89.78,80.4,68.1,80.56,83.81,94.05,75.56,D,+918606014515
IT2047,IT,2,79.4,79.38,92.65,66.89,69.12,84.09,98.16,C,+918203026735
IT2048,IT,2,98.99,92.1,89.84,81.88,65.49,92.81,85.71,B,+918945324309
IT2049,IT,2,84.48,90.93,87.92,91.96,82.29,93.91,75.88,D,+917794856280
IT2050,IT,2,66.39,81.18,91.84,69.72,83.37,76.55,99.1,D,+918036751852
IT3001,IT,3,90.46,66.31,87.15,62.82,82.68,80.46,80.25,C,+918000561998
IT3002,IT,3,78.21,95.65,64.23,74.91,65.91,79.97,83.59,D,+919775902087
IT3003,IT,3,92.0,73.96,94.45,81.44,93.23,83.86,75.3,D,+918238565486
IT3004,IT,3,62.85,65.56,80.86,72.65,79.81,97.49,89.66,C,+918331930443
IT3005,IT,3,95.97,60.27,99.56,66.76,85.81,87.92,81.91,C,+919465986501
IT3006,IT,3,69.16,96.09,86.46,63.36,61.11,81.66,78.58,D,+919502415711
IT3007,IT,3,66.74,88.79,92.79,91.06,83.92,77.12,81.5,D,+918728045040
IT3008,IT,3,77.97,76.43,95.82,88.62,82.58,80.0,79.48,D,+917340359679
IT3009,IT,3,86.66,69.33,69.42,75.83,86.46,98.38,73.0,F,+918577956731
IT3010,IT,3,86.06,92.14,78.36,84.71,86.85,94.42,82.04,C,+919539964375
IT3011,IT,3,88.22,72.52,82.88,69.63,84.2,96.05,90.24,C,+918067763020
IT3012,IT,3,67.3,76.67,90.53,62.87,99.92,76.85,70.99,F,+919981537714
IT3013,IT,3,96.91,71.46,83.18,91.1,74.2,91.85,71.38,F,+917574975731
IT3014,IT,3,60.09,60.46,76.86,79.05,62.86,93.7,81.2,D,+919721687149
IT3015,IT,3,81.02,84.06,94.4,79.71,94.37,91.26,71.12,F,+917434651012
IT3016,IT,3,86.46,94.79,61.01,82.99,90.5,79.35,77.54,D,+917249669612
IT3017,IT,3,71.08,71.18,77.6,86.53,64.99,77.66,73.2,F,+919439947558
IT3018,IT,3,95.33,81.55,68.63,82.43,62.54,97.64,99.99,C,+917970195283
IT3019,IT,3,85.64,65.19,85.04,97.22,76.85,78.14,78.26,D,+917259652922
IT3020,IT,3,97.69,90.82,88.95,73.09,83.89,89.52,79.59,D,+918079379836
IT3021,IT,3,91.08,90.23,70.65,84.09,92.77,91.11,91.32,B,+918941169493
IT3022,IT,3,95.94,67.79,94.99,89.84,65.8,92.15,70.43,F,+919580558794
IT3023,IT,3,75.07,84.04,99.56,70.7,68.13,92.59,85.55,C,+918100027277
IT3024,IT,3,73.89,68.37,66.69,99.28,62.98,75.17,97.13,D,+919591420644
IT3025,IT,3,94.8,80.1,97.74,85.15,75.22,90.68,77.2,D,+918503209805
IT3026,IT,3,61.46,82.18,78.44,82.94,63.31,98.75,77.58,D,+918996260671
IT3027,IT,3,67.85,85.23,88.26,73.47,78.53,90.23,86.06,C,+918211486883
IT3028,IT,3,75.54,77.78,65.08,64.64,96.82,75.7,75.41,D,+917048790179
IT3029,IT,3,94.68,92.34,89.45,99.8,78.74,93.47,72.98,F,+917718629082
IT3030,IT,3,75.22,65.03,98.62,64.91,96.12,86.13,97.56,C,
IT3031,IT,3,75.25,71.08,70.81,70.39,99.7,97.9,80.73,C,+919808109283
IT3032,IT,3,69.66,70.27,63.1,66.7,75.31,76.44,81.6,D,+918684406897
IT3033,IT,3,71.95,90.0,89.93,99.39,83.85,94.45,73.98,F,+918234876274
IT3034,IT,3,83.05,68.79,71.61,81.99,85.25,99.07,74.83,F,+919696192153
IT3035,IT,3,75.76,94.31,65.51,87.8,62.16,84.9,72.08,F,+917948309735
IT3036,IT,3,77.63,72.22,93.03,60.9,78.3,87.82,70.33,F,+919231186483
IT3037,IT,3,83.21,86.51,99.41,63.18,77.69,97.64,79.07,D,
IT3038,IT,3,95.31,77.0,99.34,87.84,71.76,82.62,87.85,C,
IT3039,IT,3,89.47,82.96,87.15,77.69,81.62,79.61,84.45,D,+918442978484
IT3040,IT,3,66.76,66.03,79.65,65.63,85.66,88.48,92.48,C,+918346356597
IT3041,IT,3,64.15,90.19,65.58,62.88,70.55,86.23,79.02,D,+917546168165
IT3042,IT,3,98.12,84.25,60.17,60.31,91.89,78.62,76.94,D,+917849709584
IT3043,IT,3,69.73,98.92,90.21,64.6,84.36,95.3,97.7,B,
IT3044,IT,3,85.95,97.63,82.04,93.05,75.85,94.43,82.17,C,+918073310873
IT3045,IT,3,87.18,64.58,74.8,94.12,98.74,85.68,78.13,D,
IT3046,IT,3,84.12,99.4,79.1,79.48,99.56,97.09,73.98,F,+919324839685
IT3047,IT,3,85.09,90.85,92.51,96.11,90.57,75.93,75.27,D,+919319321475
IT3048,IT,3,76.64,90.97,90.82,89.72,92.67,97.45,99.56,B,+918921967988
IT3049,IT,3,67.65,78.55,85.7,80.51,63.96,95.65,76.12,D,+917917996768
IT3050,IT,3,67.52,73.73,66.09,73.92,79.47,96.59,83.31,C,+919108040845
IT4001,IT,4,68.31,72.84,75.37,70.61,75.43,85.62,83.68,C,+917571441503
IT4002,IT,4,87.44,92.55,94.68,92.29,83.62,86.25,81.63,C,+917874401495
IT4003,IT,4,90.73,87.96,62.58,65.54,76.75,97.16,93.88,C,+919493668148
IT4004,IT,4,82.06,79.79,81.59,65.76,70.83,75.64,84.25,D,+917205473188
IT4005,IT,4,81.93,80.16,83.15,90.95,93.72,93.83,93.36,B,+919168085308
IT4006,IT,4,88.53,83.06,69.19,60.66,80.62,92.96,84.4,C,+918993052949
IT4007,IT,4,94.3,70.39,92.25,88.09,94.56,90.48,74.59,F,+917741625693
IT4008,IT,4,84.66,61.54,68.28,91.26,72.23,95.25,71.21,F,+917471361756
IT4009,IT,4,89.64,92.91,77.82,89.66,83.89,77.12,90.23,D,+919634322627
IT4010,IT,4,64.19,91.91,60.54,61.71,85.88,94.79,97.58,C,
IT4011,IT,4,66.38,73.9,86.77,78.33,83.76,81.98,81.79,C,+919580251553
IT4012,IT,4,93.8,79.57,90.1,69.21,96.91,94.87,76.24,D,+919153226990
IT4013,IT,4,74.7,69.03,93.91,77.08,96.48,78.81,87.37,D,+917963288631
IT4014,IT,4,79.38,99.65,65.84,71.7,66.93,95.07,96.62,C,
IT4015,IT,4,85.75,87.94,64.27,97.97,99.02,80.94,85.55,C,+917102529294
IT4016,IT,4,88.63,65.05,98.55,97.81,90.08,78.45,72.37,F,+919886474659
IT4017,IT,4,66.34,96.56,94.67,91.51,74.64,92.1,73.05,F,+919173559640
IT4018,IT,4,94.5,94.91,84.44,87.0,68.19,85.34,80.65,C,+917761540409
IT4019,IT,4,95.9,86.58,71.64,65.39,90.33,84.45,90.52,C,
IT4020,IT,4,64.6,66.48,93.16,67.52,91.71,90.31,96.45,C,+917986777856
IT4021,IT,4,72.76,84.26,64.96,84.4,97.46,99.79,94.35,B,+917515563129
IT4022,IT,4,99.25,63.07,82.26,65.94,80.69,85.02,87.48,C,+917961904726
IT4023,IT,4,80.14,77.1,85.57,60.09,77.18,86.86,87.85,C,+919695540374
IT4024,IT,4,70.22,97.28,86.87,83.62,61.09,84.6,92.78,C,+917384891721
IT4025,IT,4,62.94,69.22,83.05,66.46,71.56,94.14,74.15,F,+918351361863
IT4026,IT,4,69.78,93.82,92.84,88.87,61.27,95.74,89.8,B,+917476070212
IT4027,IT,4,79.47,94.85,95.47,78.04,99.74,97.2,83.01,C,
IT4028,IT,4,78.97,80.06,63.13,91.7,76.64,97.58,87.48,C,+918561383562
IT4029,IT,4,94.34,78.0,67.49,92.53,77.03,99.37,96.35,B,+918827147422
IT4030,IT,4,88.69,85.96,85.57,94.15,65.14,90.13,70.81,F,+919637508990
IT4031,IT,4,83.03,90.1,76.26,69.67,97.89,91.94,79.45,D,+918070157959
IT4032,IT,4,68.95,89.39,97.45,84.62,66.09,92.99,74.22,F,+918423206093
IT4033,IT,4,83.37,99.84,70.14,82.86,79.08,91.15,85.38,B,+917150056853
IT4034,IT,4,80.91,99.52,88.61,98.05,72.46,82.97,94.34,C,+919503327926
IT4035,IT,4,75.38,95.38,65.98,81.05,88.68,82.94,92.54,C,+919722809181
IT4036,IT,4,73.86,88.5,62.36,64.61,95.56,82.78,83.72,C,+918610130043
IT4037,IT,4,65.07,99.39,86.15,71.06,84.11,77.9,79.59,D,+917945527148
IT4038,IT,4,83.36,89.48,92.52,96.65,78.37,83.54,76.1,D,+918320625622
IT4039,IT,4,86.55,69.06,94.22,68.75,73.2,97.82,96.67,C,+917539059373
IT4040,IT,4,87.23,68.17,82.29,79.18,98.74,85.32,86.7,B,+917263095133
IT4041,IT,4,69.54,60.59,79.0,92.35,80.03,90.96,90.06,C,+918948744741
IT4042,IT,4,60.88,72.5,75.65,77.22,85.78,79.34,86.96,D,+917510527211
IT4043,IT,4,68.14,86.32,94.54,97.91,86.48,82.39,76.51,D,+918829831522
IT4044,IT,4,81.8,67.32,63.85,88.82,76.39,83.73,83.26,C,+919378884292
IT4045,IT,4,68.47,63.31,64.61,98.35,68.79,85.27,96.54,C,+918021594981
IT4046,IT,4,74.66,81.74,86.68,60.98,71.7,78.27,92.38,D,+918842553499
IT4047,IT,4,96.76,60.79,82.86,83.05,62.69,89.41,78.97,D,+919234784305
IT4048,IT,4,85.21,80.65,97.63,75.65,95.49,80.41,85.58,C,+917858977607
IT4049,IT,4,76.17,95.09,72.48,79.04,92.87,82.92,81.94,C,+919056361349
IT4050,IT,4,83.52,66.17,87.26,67.33,79.83,75.77,86.79,D,+917949848436
